iid,title,genres
17,standing studio in front of LOUVRE,Entire apartment
103,appartement centre Sopi Montmartre,Entire apartment
55,"Charming studio, heart of the Marais, view 4* !",Entire apartment
66,Charming  furnished studio in Paris,Entire apartment
111,Beau Studio 21mÃÂ² Paris Gobelins,Entire apartment
269,Charmant duplex - Paris 20ÃÂ¨me,Entire apartment
91,Charming appt 2PC-Grands Boulevards,Entire apartment
150,"Cosy 2 rooms flat,  ""gare de Lyon""",Entire apartment
140,Beau 48m2 + balcon -Buttes-Chaumont,Entire apartment
119,Charming flat in the heart of Paris,Entire apartment
176,Artist sanctuary in the Marais,Entire apartment
211,"Appartement Paris centre, Bastille",Entire apartment
231,Nid Douillet,Entire apartment
174,Calm & cosy flat near the Effeil Tower & Trocadero,Entire apartment
72,4 pers Marais Place des Vosges,Entire apartment
196,Charmant 3 piÃÂ¨ces LaumiÃÂ¨re avec chambre bebe,Entire apartment
169,Great apartment with 2 terraces rue Mouffetard,Entire apartment
205,Charming apartment between Opera and Bastille - Professional Cleaning,Entire apartment
128,Lovely studio in the Heart of Paris,Entire apartment
309,Studio fonctionnel proche Place de la Bastille,Entire apartment
204,Studio cosy canal Saint Martin,Entire apartment
225,Lovely apartment - View on the Eiffel Tower,Entire apartment
166,2 piÃÂ¨ces typique Marais,Entire apartment
240,Charming bright studio apartment near Montmartre  - Professional Cleaning,Entire apartment
43,Superb apartment close to the Eiffel Tower - Professional Cleaning,Entire apartment
107,F2 Parc de Belleville,Entire apartment
178,Confortable 2P 33 m2 bd voltaire,Entire apartment
32,Gorgeous Views from Balcony + AC unit!!,Entire apartment
26,Appartement douillet et lumineux,Entire apartment
15,Superbe duplex refait ÃÂ  neuf au coeur de Paris .,Entire apartment
313,Charming private room 2 steps from Gare du Nord - Professional Cleaning,Entire apartment
398,Studio in Manhattan (UES),Entire apartment
252,High Floor apt.near Columbus Circle,Entire apartment
375,Your own hip and cozy 1BD apartment,Entire apartment
164,Champs Elysees-Arc de triomphe,Entire apartment
837,Beach-chic sun drenched apartment,Entire apartment
969,Luxury house in the center of Rome,Entire apartment
232,"Studio at Batignolles, 10min walk to Montmartre",Entire apartment
1129,Casa Diana Ostia,Entire apartment
440,Luxury Apt at Bangkok CBD nice area,Entire apartment
1050,Cozy apartment with sunny terrace,Entire apartment
113,"Near Arc de triomphe, Eiffel Tower",Entire apartment
251,Superb apt in the heart of Paris  - Professional Cleaning,Entire apartment
1111,LONGINVM DOMUS ROMANVM,Entire apartment
1048,Appartamento al Pantheon,Entire apartment
594,Casa de los cactus,Entire apartment
956,Apartment next to Colosseo,Entire apartment
1091,CASA PANTHEON,Entire apartment
397,Spacious & Stylish Top Floor 1BR (Whole Apt),Entire apartment
412,Entire Place in Prime Brooklyn Neighborhood,Entire apartment
160,"A 2-room charming, quiet and cozy artist's studio",Entire apartment
306,Unique Brooklyn Studio,Entire apartment
488,Ã¢Ëâ¦Ã¢Ëâ¦ Memories Begin Here Ã¢Ëâ¦Ã¢Ëâ¦ by Sandra,Entire apartment
883,Nicola's Cremorne studio apartment with views,Entire apartment
148,Beautiful and quiet flat near the LOUVRE,Entire apartment
796,Olimpic Park - Entire Apartament,Entire apartment
942,Casa al Colosseo Holidays,Entire apartment
986,House located in front of the sea,Entire apartment
367,2 Bedroom Duplex,Entire apartment
862,Spacious 2 bdr Apt in Naremburn,Entire apartment
894,High End luxurious 2-bed apt. Views+WIFI+Parking,Entire apartment
676,Two Bedroom Unit next to Parramatta Westfield,Entire apartment
363,"Big, bright Park Slope 2.5 bedroom!",Entire apartment
852,Superb 2BD family home,Entire apartment
766,Fairlight Absolute Waterfront Apartment,Entire apartment
967,Navona Suite Apartment,Entire apartment
859,Character-filled unit and courtyard,Entire apartment
394,Artists Bright Eclectic Home & Studio,Entire apartment
505,Comodo Departamento con vista excepcional Col.Roma,Entire apartment
884,SYDNEY CBD |  Walk To Darling Harbour | Modern 1 BED APT | NSY188,Entire apartment
1145,A 2 passi dal centro rm nel cuore della street art,Entire apartment
435,Cozy1 BR - 3 min to BTS - (Wifi) #A,Entire apartment
723,Sea point Gem Apartment,Entire apartment
995,Domus Giulio vatican museum,Entire apartment
381,Artist Charming Modern Ft Greene Park 2 floor apt,Entire apartment
599,Roma Norte - Beautiful Apartment,Entire apartment
524,Harbour View on Main,Entire apartment
694,10 min walking to metro station.,Entire apartment
1026,Colosseum Artdeco,Entire apartment
603,LUXURIOUS apartment in Polanco,Entire apartment
647,Fishermans Rest,Entire apartment
649,Spacious Studio | Spectacular Mountain Views,Entire apartment
262,Paris City Ã¢â¬â Spacious 3 bedroom flat for families,Entire apartment
981,Loft by the park,Entire apartment
925,The St. Peter's Rome Apartment holiday house,Entire apartment
733,Apartment in Sydney's Olympic Park,Entire apartment
239,Beautiful apartment for 6 guests near the Eiffel Tower,Entire apartment
746,Ipanema/Copacabana/Arpoador - ao lado das praias,Entire apartment
266,Luxury Studio Upper Eeast with Balcony!,Entire apartment
737,Anchor Break Ã¢Å¡â,Entire apartment
360,"Bright, lovely 1 bdrm near Central Park & metro.",Entire apartment
662,One Bedroomed Flat in Vredehoek,Entire apartment
395,Cool Brooklyn Flat,Entire apartment
558,Cottage-style flat in Sai Kung,Entire apartment
1005,"Sanniti apartment, San Lorenzo stylish top floor",Entire apartment
422,Fifth Ave/Central Park Studio Apt,Entire apartment
36,3 Bedrooms 156m2 fancy flat for art lovers,Entire apartment
543,AsiatiqueÃ¦Â²Â³Ã¦Â»Â¨Ã§Â ÂÃ¥Â¤Â´Ã¥Â¤ÅÃ¥Â¸â/Chaopraya River ViewÃ¦Â±Å¸Ã¦â¢Â¯Ã¦ËÂ¿/ 2rooms,Entire apartment
697,Comfort and Design in Copacabana,Entire apartment
977,Lotto29,Entire apartment
720,Entire apartment located off the Dundas Station,Entire apartment
813,Cozy and central.,Entire apartment
966,Il rifugio di vicolo de' cinque,Entire apartment
696,Put Yourself In This Picture,Entire apartment
1089,Appartamento Zona Policlinico Gemelli,Entire apartment
584,Condesa Duplex Apartment,Entire apartment
797,apt 2 bedrooms Ipanema Copacabana,Entire apartment
358,Sunny Studio in Brooklyn,Entire apartment
820,COZY APARTMENT IN THE HEART OF IPANEMA,Entire apartment
357,Beautiful 1 bedroom in NYC,Entire apartment
749,Brighton-Le-Sands Beach Pad with Elevator,Entire apartment
421,Huge Designer Soho Loft (Elevator) Private Terrace,Entire apartment
590,Polanco prime location apartment,Entire apartment
135,Eiffel tower from the window !,Entire apartment
45,Type loft entre Bastille et Nation,Entire apartment
139,Authentic quiet apart in the Marais,Entire apartment
110,Superbe appartement sur cour dans le Paris ancien,Entire apartment
315,Eiffel Tower - Luxury flat with breathtaking view,Entire apartment
208,Luminous Loft in Saint-Germain des Pres - Professional Cleaning,Entire apartment
73,Luxurious Apart by Champs Elysees,Entire apartment
320,Charming apt close to the Cartier Foundation,Entire apartment
220,Parisian apartment 4 min walk to the Louvre Museum,Entire apartment
134,"Vivez comme un vrai parisien dans l'ambiance ""petit village"" de Montmartre",Entire apartment
213,Lovely flat between Montmartre and Batignolles,Entire apartment
90,IDEAL FOR A STAY IN PARIS,Entire apartment
52,Lovely 2 room flat close to the Eiffel Tower,Entire apartment
133,"agreable 2 piÃÂ¨ces, rue des Martyrs",Entire apartment
147,A charming studio in the heart of Montmartre,Entire apartment
244,Cozy central 1BD appartement,Entire apartment
12,Montmartre avec vue sur Paris,Entire apartment
117,PARIS CENTER / Nice Apartment,Entire apartment
101,Spacious flat - heart of Paris,Entire apartment
149,"Big house with garden, very central",Entire apartment
28,Chic Flat with Terrace St Germain,Entire apartment
413,Chelsea Studio Steps from Madison Square Garden,Entire apartment
154,AUTHENTIC PARISIAN APARTMENT - MARAIS,Entire apartment
845,Ultimate Beach Lifestyle Apartment,Entire apartment
1017,In Itinere: 10min walk from Vatican,Entire apartment
879,Manly Apartment 100m from Wharf,Entire apartment
617,"Ã¢Å¡Â¡ AMAZING apartment, great location Ã¢Å¡Â¡ 221",Entire apartment
1142,Maranta suite Colosseo - 347/5944769,Entire apartment
536,Sathon spacious studio-5min bts s'taksin wifi,Entire apartment
341,New Renovation:Manhattan Charm....Brooklyn Flavor!,Entire apartment
887,Olympic park Lux 2 bedroom great view free parking,Entire apartment
35,A central apartment in Paris.,Entire apartment
786,Nine on Nautica,Entire apartment
566,rm 5 near Jordan station 1mins,Entire apartment
464,(HL15) Ã¥Â°âÃ¦Â²â¢Ã¥ââ¬ 2Ã¦ËÂ¿Ã¥Â¤Â§Ã¥Â»Â³ 7Ã¥ÂºÅ  Ã¥Å Â Ã©â¬Â£Ã¥Â¨ÂÃ¨â¬ÂÃ©Ââ 5Ã¥Ëâ Ã©ÂËÃ§âºÂ´Ã©ÂâÃ¥ÅÂ°Ã©ÂÂµÃ§Â«â¢ Ã©ÂÂ©Ã¥ÂË5Ã¨â¡Â³8Ã¤ÂºÂºÃ¥â¦Â¥Ã¤Â½Â,Entire apartment
390,Downtown Dream on the Park,Entire apartment
98,"Blablabla, 2BR/1BA, 4 people",Entire apartment
221,Cosy and Big studio rue Cler,Entire apartment
287,Airy & Bright Three Bedroom Apt steps from Subway,Entire apartment
903,Ã¢Ëâ¦Private Terrace in OldcityÃ¢Ëâ¦,Entire apartment
3,Charming apartment - 3 rooms.,Entire apartment
683,Ã¢Å¡Â¡Large Coogee Beach 2 Bedroom retreat - w/ParkingÃ¢Å¡Â¡,Entire apartment
1065,SONIA VATICAN AREA APARTMENT,Entire apartment
1076,Safe and Comfortable Family Haven in the Center of Rome.,Entire apartment
802,STUDIO IPANEMA RUA JOAQUIM NABUCO,Entire apartment
246,Sublime and new apartment Place Vendome / Opera,Entire apartment
316,Apartment two passes than Eiffel Tower,Entire apartment
264,BK NEST-Across Barclays & trains/City 10 mins away,Entire apartment
692,BEACH LOCATION STUDIO // CLOVELLY 2,Entire apartment
229,Cosy apartment Marais,Entire apartment
165,LOUVRE 2: UPPER CLASS SUITE - RUE SAINT HONORE,Entire apartment
455,SAFETY/3 BR/ IN NEW CBD/MRT/SPECIAL PRICR,Entire apartment
586,Hermoso Dpto. Excelente ubicacion,Entire apartment
1039,TESTACCIO *ALL COMFORT*,Entire apartment
920,"Coffee Gem Vintage Design Studio Apt, Colosseo",Entire apartment
608,Cozy 1 bedroom apt w/patio in the heart of Condesa,Entire apartment
800,Apt Visconde de Piraja - Ipanema melhor local,Entire apartment
544,BKK CENTER +Platinum Centralworld,Entire apartment
755,Table Mountain Glorious Vistas at The Docklands,Entire apartment
1064,New Suite Noir with San Pietro view,Entire apartment
300,A Fancy Loft Apartment in a Central Location,Entire apartment
152,Chic Benedict - Le Marais / St Paul,Entire apartment
153,Cosy apartment in heart of Marais,Entire apartment
158,Trendy 120sqm 2-BDR in Louvre apt 2,Entire apartment
476,"DEPTO #101 ""FRENTE AL AEROPUERTO""",Entire apartment
1101,Saint Peter's Dome,Entire apartment
767,"Sultanahmet-Large Studio Apt,30 Sqm",Entire apartment
260,Cosy studio paris Chatelet,Entire apartment
321,Superbe appartement 2P -Opera-Center of Paris - 21,Entire apartment
1116,Elegant 2bdr in the heart of Rome! 81678,Entire apartment
625,"Apartamento cerca de Polanco, Centro y Reforma",Entire apartment
181,Studio Tour Eiffel et Champs-Elysees (A09),Entire apartment
296,Opera - VendÃÂ´me 13 : cosy apartment for 4 people,Entire apartment
540,"Ã£â¬ÂRIVER VIEWÃ£â¬â Discover ""LOCAL"" near MRT, 13th Floor",Entire apartment
984,Elegante Appartamento di Design Accanto al Vaticano,Entire apartment
822,Loft Da Farme de Amoedo,Entire apartment
610,Depto Amueblado Napoles World Trade Center,Entire apartment
552,1 MINS WALK TO BTS//INFINITY POOL//GREAT VIEW,Entire apartment
630,STYLISH LOFT near WTC With ROOF TOP,Entire apartment
218,Amazing apartment - 7P - Place de la Bastille,Entire apartment
157,"104-Suite LILY-ROSE, Luxury Flat, Heart of Paris",Entire apartment
203,"Charming apartment near Place des Vosges,2bedrooms",Entire apartment
299,Ã¢ÂÂ¤Ã¯Â¸Â New Atelier Loft ÃÂ  Paris,Entire apartment
304,"Saint Germain des PrÃÂ¨s, Jardin du Luxembourg",Entire apartment
29,Suite Deluxe - Tour Eiffel - 1,Entire apartment
214,Suite Premium - Tour Eiffel - 6,Entire apartment
227,Quiet & cosy flat Seine river,Entire apartment
75,Very Nice & Comfy Flat Eiffel Tower,Entire apartment
76,Great flat near Eiffel Tower,Entire apartment
77,Great location near Eiffel Tower,Entire apartment
96,Place de la Bastille.,Entire apartment
171,Quiet 1 Bedroom Flat Next to Montparnasse,Entire apartment
217,Upmarket Modern Apartment in Gare Saint-Lazare,Entire apartment
95,Village Montorgueil Business Suite,Entire apartment
124,Charming flat near Montmartre,Entire apartment
710,Apartamento 4 estrelas em frente para praia,Entire apartment
1105,Tiny Apartment close to Metro B,Entire apartment
538,Room in Sathorn BTS Chong Nonsi & Surasak (4th Fl),Entire apartment
1132,Piazza Vittorio NETFLIX Apartment x5,Entire apartment
551,31Ã¥ÂÂ·60Ã¥Â¹Â³Ã§Â±Â³Ã¥â¦Â¬Ã¥Â¯âÃ¯Â¼ÅÃ¦Â¹âÃ¥ÂâÃ¦Â²Â³Ã¦Â²Â³Ã¦â¢Â¯Ã¦ËÂ¿+Ã¦âÂ Ã¨Â¾Â¹Ã¦Â¸Â¸Ã¦Â³Â³Ã¦Â±Â +Ã¦ÂµÂ·Ã©Â²ÅÃ¨â¡ÂªÃ¥Å Â©+Ã¦âÂ©Ã¥Â¤Â©Ã¨Â½Â®Ã¥Â¤ÅÃ¥Â¸â+Ã©Â¢âÃ¨Â®Â¢Ã¦Å½Â¥Ã©â¬ÂÃ¦ÅÂº+Ã¥â°ÂÃ¥ÂÂ°24Ã¥Â°ÂÃ¦âÂ¶Ã¥ÂÂ«Ã¨Â½Â¦Ã£â¬â,Entire apartment
490,1min to BTS Shukumvit line/Ekkamai/Massage 3pool,Entire apartment
734,Set Amongst The Trees - CBD 3km - steps to Nth Syd,Entire apartment
729,Top location! Central Kingscross,Entire apartment
37,Apartment Paris Republique Bastille,Entire apartment
199,"Charmant 2 piÃÂ¨ces - quartier Marais, Republique",Entire apartment
282,Charmant 2 piÃÂ¨ces lumineux proche Canal de l'Ourcq,Entire apartment
4,Parisian tourist with love,Entire apartment
713,Best Mountain Views! City centre comfort,Entire apartment
530,"2King size bed,HuaiKwang,Big room",Entire apartment
886,Home Sweet Home Hyde Park,Entire apartment
620,LITTLE COYOACAN,Entire apartment
10,Cosy appartement proche Montmartre,Entire apartment
974,Lovely Studio in Piazza Navona,Entire apartment
1046,sweet home central area,Entire apartment
136,Logement 2 piÃÂ¨ces neuf dans le 18ÃÂ¨,Entire apartment
417,Gorgeous 1 bedroom with 300 sqf patio and balcony,Entire apartment
250,Nice renovated apartment in the 15th district,Entire apartment
182,Modern and cosy studio close to Eiffel Tower!,Entire apartment
301,"Modern apartment near the Sacre-Coeur, Paris",Entire apartment
263,Charming apartment in the 16th district,Entire apartment
352,Fort Greene 2 bedroom Apartment,Entire apartment
303,Cozy one bedroom apartment,Entire apartment
333,Sunny 2 bdrm W'burg Duplex w/ 3 beds. 5* superhost,Entire apartment
405,Relaxing & cozy apt in Brooklyn mins to Manhattan,Entire apartment
364,Remsen Village Rental,Entire apartment
236,Modern & Clean Brooklyn Abode!,Entire apartment
835,Apartamento Aconchegante em Copacabana,Entire apartment
1134,Sonder | The Borgia Steps | Spacious 3BR,Entire apartment
907,historical central apartment,Entire apartment
162,Luxury 3 Bedrooms Le Louvre I by Livinparis,Entire apartment
588,Comfortable Apartment 3 Bedrooms,Entire apartment
159,Striking Paris Apartment,Entire apartment
909,Triple Room  With Balcony - Grand Bazaar Area,Entire apartment
1100,Characteristic apartment in the heart of Rome!!!,Entire apartment
280,Studio very central Republique,Entire apartment
318,Charmant logement Parisien avec cour privative !,Entire apartment
442,Habitaciones en Mixcoac,Entire apartment
310,Stylish Flat in Heart of Bastille,Entire apartment
508,ELEGANT 2BED/1BATH APARTMENT AT LA CONDESA,Entire apartment
804,2 bedrooms close to Copacabana beach,Entire apartment
572,"Gorgeous space for group, 3 mins to MTR",Entire apartment
436,"70 sqm FOREST 2 BR/2Baths,MRT Lumpini/Sathon/Silom",Entire apartment
462,Chic BoKaap Apartment,Entire apartment
1139,Bel appartement 100m2 avec jardin- centre de Rome,Entire apartment
1122,ROME Whole apartment with balcony alla GIUSTINIANA,Entire apartment
629,"UBICACIÃâN ideal cerca de Parques, restaurantesÃ°Å¸ÂÆÃ°Å¸ÂÂ»Ã¢â¬ÂÃ¢â¢âÃ¯Â¸Â",Entire apartment
815,Charming Beachside Apartment in Barra,Entire apartment
87,Central Opera Grand boulevards (969 sm) 2 bedrooms,Entire apartment
792,A COPACABANA 2 Bedroom  BEACH BLOCK,Entire apartment
799,Charming 2 bedroom in Copacabana,Entire apartment
787,#3 Green Point 2 Bed/R Apartment near Waterfront,Entire apartment
901,Ã¢â¢Â¥Ã¯Â¸ÂLiverpool Stylish 2Bed 2Bath AptÃ¢Å¾â¢ Skyline ViewsÃ¯Â¼Â,Entire apartment
34,THE PLACE TO BE    Elysees Matignon,Entire apartment
106,Charming 30mÃÂ² - Canal Saint Martin,Entire apartment
539,Downtown high rise 53 Ã¥Â±âÃ¨Â±ÂªÃ¥ÂÅ½Ã¥â¦Â¬Ã¥Â¯â Ã¤ÂºÂ«Ã¥Ââ360Ã¥ÂºÂ¦Ã¥Â¸âÃ¤Â¸Â­Ã¥Â¿ÆÃ¦Å¾ÂÃ¨â¡Â´Ã§Â¾Å½Ã¦â¢Â¯Ã¥âÅÃ¤Â¾Â¿Ã¥ËÂ©Ã§Å¡âÃ¤ÂºÂ¤Ã©â¬Å¡,Entire apartment
864,Classic Deco Potts Point Apartment,Entire apartment
735,Bright one bedroom apartment near water,Entire apartment
41,PETIT Studio ÃÂ  cÃÂ´te du Parc Butte-Chaument.,Entire apartment
659,Industrial Chic Space in Gardens Neighbourhood,Entire apartment
1004,Bosphorus view penthouse 1+1,Entire apartment
801,Your home in Copacabana/RJ/Brazil,Entire apartment
668,Barra Royal Plaza seafront post 7,Entire apartment
912,FEYZA DELUX APARTMENT(5 PERSONS),Entire apartment
1044,LOVELY APARTMENT HOLIDAY ROME,Entire apartment
50,Duplex cinema face au Parc des Expositions,Entire apartment
192,Magnifique Appartement Rue St Andre des Arts,Entire apartment
695,Sanitized Contemporary Apart. in Lux. Development,Entire apartment
1107,Cosy apt with large terrace near St.Peter's,Entire apartment
459,90m2 de delicioso espacio a metros de Museo Sumaya,Entire apartment
142,Stunning view on the Eiffel Tower! This is Paris!,Entire apartment
454,Trendy loft 2 blocks from El Angel!,Entire apartment
686,Ape aconchegante na Lapa! Ãâtima opcao econÃÂ´mica!,Entire apartment
568,"Family triple room, our hotel in Mongkok City Center, shopping, just 2 minutes from Metro station",Entire apartment
751,Copacabana Super Hostel Apartament,Entire apartment
933,MySuiteInRome - Spanish Steps Suite,Entire apartment
31,2 rooms in Le Marais,Entire apartment
567,Modern and Comfortable Apt,Entire apartment
898,Parkside Heritage Luxury on the edge of the city,Entire apartment
18,"Studio, 20m2 Place des Vosges area",Entire apartment
445,Colonial meets modern in the center of Mexico City,Entire apartment
757,(5) STUDIO IN OLD CITY SULTANAHMET,Entire apartment
632,Perfect suite in the best Location,Entire apartment
905,BRIGHT DOUBLE ROOM 2- Sultanahmet,Entire apartment
738,Studio 8-  in the Heart of Bondi,Entire apartment
1073,ROMAntic Maddalena In Pantheon,Entire apartment
511,A Good Place in Onnut/BKK/BTS (8C)/WiFi,Entire apartment
200,Cosy appartment in Louvre area,Entire apartment
904,Newly-renovated apartment-studio,Entire apartment
463,Breezy Condo In The City Close Khlong Pier: I,Entire apartment
1086,Grand Tour Appia - supercool 2room apt,Entire apartment
189,"Heart of Paris, Charming flat",Entire apartment
1015,A Charming Penthouse with Terrace,Entire apartment
1047,Prestigious apt near Piazza Navona,Entire apartment
601,Hermoso Departamento a una cuadra de Reforma,Entire apartment
861,ULTRA MODERN CoogeeBeachfrontApartmentw/Parking,Entire apartment
290,"Studio, belles fleurs "" Avenue Flandre Paris 19 .",Entire apartment
780,Lovely Gardened House 10 minutes walking to metro,Entire apartment
2,On the rooftops...quiet and comfortable.,Entire apartment
233,Le Cafe des Invalides - Eiffel Tower,Entire apartment
578,Condesa Apartment in 1920s Landmarked Art Nouveau Mansion,Entire apartment
600,"Bonito apartamento frente a Parque Mexico, Condesa",Entire apartment
634,Excelente departamento super ubicado y equipado,Entire apartment
1020,Pettinarihome 2 Campo dei Fiori,Entire apartment
779,Fancy Flat near Taksim Square (7),Entire apartment
550,IVY Thonglor,Entire apartment
711,807 Ponto Nobre! 200m praia Copacabana! Wi-fi,Entire apartment
988,Cozy and Central Apartment Near the Pantheon,Entire apartment
1069,Appartamento di Design Vicino al Vaticano,Entire apartment
1070,Navona Campo dei  Fiori quiet & charming apartment,Entire apartment
947,Apartment Colosseo on sight,Entire apartment
965,Pantheon Blue: family and friends big apartment,Entire apartment
533,Room 2 - Comfy 2 BRs for 4 people near BTS Ari,Entire apartment
765,MPJ123-Brand New 2Bedroom Penrith Apt with parking,Entire apartment
553,NEWÃ¯Â¼Â2BR@Asok&Sukhumvit#Near Terminal 21&Nana#Max6,Entire apartment
622,Fabuloso Depa en Aeropuerto/ Fabulous in Airport!!,Entire apartment
611,In Front Airport!!    Depto. Frente al Aeropuerto!,Entire apartment
450,ROMA AMOR great  location near centro medico,Entire apartment
561,Beautiful and Chic Apartment,Entire apartment
814,"Home, Sweet Home! 2 Bedrooms in Copacabana",Entire apartment
874,Home away from Home Parramatta,Entire apartment
791,Penthouse & Private Airy and Quiet Terrace,Entire apartment
1144,"A Colorful View over Trastevere, Bright Space",Entire apartment
1140,Sant'eligio 2 bedroom unique apartment,Entire apartment
627,Alborada Aeropuerto,Entire apartment
254,GuestReady - Fantastic Apt near Bastille,Entire apartment
771,2 Lovely Bedrooms Apartment at Taksim,Entire apartment
1090,Tacito Deluxe Apartment,Entire apartment
970,beautiful apartment with garden,Entire apartment
648,Breathtaking Oceanfront Apartment on Clifton Beach,Entire apartment
122,"Appartement Mini Loft Design ÃÂ  proximite du ""Marais""",Entire apartment
468,Ã¢ÅÂ¢Street FoodÃ¢ÅÂ¢Fun@Your Doorstep BKK centerÃ¢ÅÂ¢MRTÃ¢ÅÂ¢,Entire apartment
571,B Modern cozy studio 1 min MTR  Ã©âÂ»Ã¨Â¿âÃ¨Â¥Â¿Ã¤Â¹ÂÃ©Â«ËÃ©âÂÃ¥Å¾â¹Ã¦Â Â¼Ã§â¹Â¬Ã§Â«â¹Ã¥ÂÂ«Ã¦ÂµÂ´Ã¥Â¤Â§Ã¥ÂºÅ Ã¥â¦Â¬Ã¥Â¯â,Entire apartment
975,4 BEDROOMS APART WITH ROOF TERRACE AT S. PETER,Entire apartment
1056,AMAZING SUITE 2- Trastevere,Entire apartment
931,Domus Cesare,Entire apartment
1131,A terrific Terrace Penthouse with Hot Tub,Entire apartment
1081,Apartment close to the Vatican,Entire apartment
432,"Private 2 rooms kitchen apt, 15 mins Times Square",Entire condominium
339,Lux 2Bed/2.5Bath Central Park Views,Entire condominium
752,Quiet Oasis on the Cusp of Surry Hills,Entire condominium
869,Large House with Private Pool,Entire house
430,"Luxury, space, serenity in the heart of Brooklyn",Entire house
641,Modern City Home below Table Mount,Private room in house
658,CHIC STUDIO WITH VIEW OF TABLE MOUNTAIN,Entire guest suite
230,"Luxury 2 bedroom 1,5 bathroom Louvre & Notre Dame",Entire serviced apartment
763,Elegant  2 bedrooms terrace with premium condition,Room in serviced apartment
493,Casa de las catrinas en Coyoacan/ CatrinasÃ¢â¬â¢ house,Entire condominium
651,(31) Beachfront views of Table Bay,Entire condominium
653,Bosky Dell Self Catering Beach House,Entire house
596,Cozy room near Coyoacan in the South of CDMX,Private room in condominium
13,2 rooms upstair my flat under the roof. Best area,Private room in apartment
718,Bright and airy home tucked away in funky Newtown,Entire townhouse
114,(115m2) Eiffel Luxury Collection,Room in serviced apartment
768,CASA DO RECREIO- Ambiente reservado e aconchegante,Entire house
853,Tamarama Beach House - Beach vews,Entire house
741,SuÃÂ­te 2w,Entire guest suite
273,Sunny Loft in Clinton Hill,Entire loft
645,Entire Luxury Seaside Villa Fish Hoek Cape Town ZA,Entire villa
650,"Discover Cape Town from This Charming, Whimsical Studio",Entire loft
664,Serenity near the Sea,Entire guest suite
782,The  Curly Surf Shack,Entire cabin
717,Tropical oasis in Manly Beach with plunge pool.,Entire guest suite
708,Linda Casa Joa   (#lindacasajoa),Entire house
840,Town house right in the city,Entire house
889,New star home,Entire house
730,Escape with a view  mid week special $280 Mon- Thu,Entire house
249,One cozy private BR close to the mecca of shopping,Private room in apartment
860,Peaceful 2 Bed Bronte Pad,Entire guesthouse
419,Renovated Dining 5min to 74st Express subway + AC,Entire townhouse
271,Brooklyn stylish studio apartment!,Private room in apartment
554,TREASURE LUXURY@ASOKE : 2BR @ASOKE /WIFI/BTS /MRT,Entire condominium
1096,Comfortable and elegant in the heart of Rome.,Entire serviced apartment
928,Romantic  Apartment Spanish Steps,Entire condominium
549,"2 Mins walk BTS,4pp,Siam,CTW,MBK",Entire guesthouse
637,Sunrise Vista Muizenberg,Entire house
857,3Bed cottage central 2 airport/city,Entire house
546,"2 Bedrooms in Heritage Shophouse in Yaowaraj, Bkk",Room in boutique hotel
585,Alojamiento en ciudad de Mexico,Private room in apartment
151,Big loft w terrasse & Air Conditioning,Entire loft
756,Sans Souci Home close to the beach,Entire guesthouse
709,Ã¢Ëâ¦Surry Hills - Very CentralÃ¢Ëâ¦ Sleeps 10,Entire townhouse
631,"""Clean & New Apt"" Polanco balcony, pool, roof, gym",Entire condominium
818,Ipanema - RJ - walking distance to Lake and beach,Entire condominium
1084,"Loftlibetta2, 3-metro stops from the Colosseum",Entire loft
38,Loft spacieux 100mÃÂ² - design - calme - Paris 15,Private room in loft
1127,BELSIANA STREET - Spanish Steps,Entire condominium
504,Spacious loft with private bathroom and kitchen,Entire house
994,Ara Pacis: apartment with Jacuzzi,Room in serviced apartment
441,Cozy Bed Room in the City,Private room in condominium
1059,SantHome - Your Home away from Home,Entire house
481,"Sunny Studio in Greenpoint, Great location",Entire condominium
774,Simple Studio Endless Ocean Views Best Area,Entire condominium
1028,Single bedroom near St. Peter's,Private room in house
868,Hartley backhouse,Entire guesthouse
997,Designed Cozy Flat/Golden horn view&Terrace/Balat,Entire house
444,Loft in front of Fine Arts Palace &PickUp Service,Entire loft
288,NYC Photographers Loft,Entire loft
482,Private Room 1 Min to JordanMTR,Private room in hostel
1002,##Heart Of Cihangir 2,Room in aparthotel
521,Luxury High-Fl Room with View & 3 min to Skytrain,Entire condominium
656,"The Reservoir, Constantia Winelands",Entire guest suite
494,Blanquita's place,Private room in house
529,"Ceil Ekkamai12, near Thonglor WIFI",Entire condominium
607,Mini Loft Buenavista 106,Entire loft
873,"Modern,  clean  &  comfortable",Entire guest suite
559,Friendly | Authentically HK living,Room in hostel
937,Exclusive Campo di fiori loft tiber view,Entire loft
785,Cosy Double Room with Huge Terrace!,Private room in loft
856,Charming  Balmain Studio,Entire guest suite
1115,Cozy attic in Monteverde with panoramic terrace,Entire house
471,Milnerton Cottage,Entire guest suite
495,"illuminated studio in Roma-Norte, NO kitchen",Entire guest suite
1003,Junior Deluxe Apartment 5,Entire serviced apartment
893,Waterloo living Rm,Private room in condominium
841,lilyfield. Studio Close to City,Entire house
416,Best Brooklyn location - stylish and comfortable,Entire guest suite
827,Barra First Hotel Barra da Tijuca Rio de Janeiro,Entire serviced apartment
291,Entire Awesome One Bed-Lower East Side Manhattan,Entire serviced apartment
228,Private bedroom in beautiful loft apartment,Private room in loft
391,PRIVATE BED ROOM 12 MINS FROM JFK,Private room in house
127,Cozy 1-bedroom in the Marais,Entire condominium
557,"(25-3), 4 beds girl room Ã¥Â¥Â³Ã§âÅ¸Ã¦ËÂ¿,3 Mins to jordan MTR",Shared room in apartment
379,Charming & Sunny Studio in the Heart of NYC,Entire loft
1058,A few steps away from Trevi Fountain,Entire loft
207,Studio proche du canal de l'Ourcq,Private room in condominium
437,Vitta Apartment,Entire condominium
344,"BIG, COMFY, PRIV. room, Big apt, yard, Will-B dplx",Private room in apartment
373,Cozy Room in the Heart of Astoria,Private room in apartment
384,Brooklyn - Bushwick - NYC,Private room in apartment
426,"Private, spacious bedroom in a quiet neighborhood",Private room in apartment
141,"Paris 2single beds, balcony, garden",Private room in apartment
705,Cosy room in the heart of Copacaba,Private room in apartment
1023,Very Nice Room in Magic Trastevere,Private room in apartment
338,"Hell's Kitchen, Midtown west!",Private room in apartment
834,Private Room Living Room in Copacabana P4 Beach,Private room in apartment
1099,Room in Rome with private bathroom,Private room in apartment
324,ENJOY Downtown NYC!,Private room in apartment
621,Habitacion Privada en sur cdmx con PROTOCOLO COVID,Private room in apartment
715,Cosmopolitan Kirribilli;-),Private room in apartment
400,Private Room 1 in East Village (Small Window),Private room in apartment
374,Sunny Room With Charming Slate Fireplace,Private room in apartment
565,Rm3 near jordan station 1min,Private room in apartment
1054,Central area of Roma,Private room in apartment
670,"Carnival no Rio de Janeiro! Com vista, na Lapa!",Private room in apartment
1085,Termini Guesthouse b&b close to Colosseo,Private room in apartment
1093,I love Trastevere,Private room in apartment
418,clean& airy in Brooklyn w/private bathroom and AC!,Private room in apartment
1080,Art Timeline (with private balcony),Private room in apartment
161,A bedroom and a small shower in a triplex.,Private room in apartment
1068,Camera a due passi dal Colosseo NEW,Private room in apartment
372,Bright and Cozy Room Williamsburg,Private room in apartment
407,"Sunny, spacious room in Bedstuy",Private room in apartment
224,"Sun filled room- Manhattan, steps to Express train",Private room in apartment
351,"Heart of Williamsburg, Brooklyn!",Private room in apartment
371,Gorgeous Pre War Sanctuary - 1 block from Union Sq,Private room in apartment
406,Brand New Apt In A Beautiful Elevator Building,Private room in apartment
534,River view condo in town.,Private room in apartment
1130,Bella camera luminosa nel quartiere Prati.,Private room in apartment
688,Para dormir no Flamengo,Private room in apartment
1025,SoulKitchen House / center of Rome,Private room in apartment
49,Chambre dans colocation Bonne Nouvelle - Paris 2,Private room in apartment
242,JFK Queens/House of Suedajoy#5(dis by flexibility,Private room in house
235,Experience the #VanLife in NYC/East Village!,Camper/RV
673,Cantinho do Leblon,Private room in apartment
1097,Cosmopolitan - Roma Termini Suites 4,Private room in bed and breakfast
492,[JUNGLE ONE]ASOK /MRT&BTS/SPECIAL PRICR,Entire condominium
685,SuÃÂ­te no Coracao do Rock in Rio Barra da Tijuca,Private room in apartment
275,Perfect room for solo traveler,Room in boutique hotel
279,Stylish locked private room W/TV GREAT LOCATION3,Private room in townhouse
396,"""Oasis on The Park""",Private room in apartment
424,Great Room in the heart of Times Square!,Room in hotel
466,Women Only by Rose (Top Security),Private room in apartment
497,YX1-2Ã¤ÂºÂºÃ¥Â¤Â§Ã¥ÂºÅ Ã¦ËÂ¿+Ã¥ÅÂ°Ã©âÂ3Ã¥Ëâ Ã©âÅ¸+Ã¦ÅâÃ¨Â±ÂªÃ¥ÂÅ +Ã¥Â¥Â³Ã¤ÂºÂºÃ¨Â¡â+Ã¦âÂºÃ¨Â§âÃ©âÂ¹Ã¥Â¸âÃ¤Â¸Â­Ã¥Â¿Æ+Ã¨Â´Â­Ã§â°Â©Ã¨Â¡â+Ã§Â¾Å½Ã©Â£Å¸Ã¤Â¸Â­Ã¥Â¿Æ+Ã¦Â³Â¢Ã©Å¾â¹Ã¨Â¡â,Private room in condominium
507,habitacion a 5 minutos de el centro de la cdmx.,Private room in condominium
742,Queen Harbourview Room,Room in boutique hotel
156,VICTOR HUGO Splendid flat near Eiffel Tower,Entire guesthouse
527,"Great private room, window, location",Private room in townhouse
587,"LOFT PH.  ZONA POLANCO/LOMAS ""PH01-B""",Entire loft
564,Ã©Â¦â¢Ã¦Â¸Â¯ Hong Kong Ã©â¢Â·Ã¦Â´Â² Cheung Chau lsland,Private room in condominium
916,Very Central TAKSIM SQUARE,Private room in apartment
728,Serviced Canal Quays Apartment close to the V&A Waterfront,Entire serviced apartment
319,Private room in appartment near Gare Montparnasse,Private room in apartment
523,Estudio Independiente con Terraza en Anzures,Entire guest suite
1114,COZY ROOM SHARED WC NEAR SAN GIOVANNI AND COLISEUM,Private room in apartment
570,Ã¨ËâÃ©ÂÂ©Ã¥Â¤Â§Ã¥ÂºÅ 5Ã¨â¢Å¸Ã¦ËÂ¿,Private room in bed and breakfast
522,Ten minutes' walk from the airport,Private room in townhouse
453,Lovely Cozy independent apartment FridaÃÂ´s Love,Entire guesthouse
638,Beautiful house in Bo Kaap with roof terrace,Private room in house
618,Cuarto en la Condesa I4,Private room in apartment
583,Room for 2 in the greatest location (Downtown),Private room in apartment
514,Cuarto en la Condesa I1,Private room in apartment
788,"Bargain! Clean, cheap and charming",Entire cottage
863,MasterRM+queen bd& ensuite *5min to parramatta CBD,Private room in townhouse
93,Comfortable and independent Studio,Private room in apartment
496,5Ã¨â¢Å¸Ã¦ËÂ¿@Ã©Â¦â¢Ã¦Â¸Â¯Ã¨ÂÂ¬Ã¦ââ¦Ã¨Â³âÃ©Â¤Â¨,Private room in apartment
847,Private room with balcony close to airport and CBD,Private room in townhouse
848,The Hideaway -  Guesthouse 5 minutes walk to Beach,Entire guesthouse
665,"Leblon: Bem estar proximo a PUC, Jockey e praia.",Private room in apartment
597,Minimailst King Size bed suite in Best Location,Room in aparthotel
503,Apartamento nuevo y centrico,Entire condominium
460,Room en Penthouse Campo Militar 1/Citibanamex A,Private room in condominium
660,Private self-contained unit,Entire guest suite
575,Ã£â¬ÂÃ¦â¢Â¨Ã¦âºÂ¦Dawn ÃÂ· Ã¤Â¸ÆÃ¦Â âÃ£â¬â7Ã¥ÂÂ·Ã§ÂºÂ¿Ã¨ÂµÂ¤Ã¥Â°Â¾Ã§Â«â¢Ã¤Â¸â°Ã¥ÂÂ£Ã¥Â²Â¸Ã¥ÂÅ½Ã¥Â¼ÂºÃ¥ÅâÃ¤Â¹ÂÃ¦âÂ¹Ã£â¬ÂÃ¤Â¼Å¡Ã¥Â±â¢Ã¤Â¸Â­Ã¥Â¿ÆÃ¯Â¼ÅÃ¥Â·Â¨Ã¥Â¹â¢Ã¦Å â¢Ã¥Â½Â±Ã§â¢Â½Ã¨â°Â²Ã§Â®â¬Ã§ÂºÂ¦Ã©Â£Å½Ã¨ÂÂ½Ã¥ÅÂ°Ã§ÂªâÃ¤Â¸â¬Ã¦ËÂ¿Ã¤Â¸â¬Ã¥Å½â¦,Entire condominium
591,Centric and cozy room in a beautiful apartment.,Private room in apartment
478,Studio apartment with balcony,Entire guest suite
657,Gorgeous Poolside Garden Suite in the Constantia Winelands,Entire guest suite
672,"Quarto de hospedes no Catete, otima localizacao",Private room in apartment
257,Luxury Room in Landmark House,Private room in house
927,Posh Design Studio in Heritage Building @ Galata,Room in serviced apartment
528,"Free pick up ,Near Airport,PoolWiFI",Entire cottage
556,Creative Residence in Kowloon . WM,Room in hostel
477,Comfortable apartment for travelers,Private room in guesthouse
812,Quarto TOP frente Mar Barra posto 4  + Cafe Manha,Private room in condominium
996,Cozy room in Besiktas,Private room in apartment
747,Enjoy The Cosy Residence,Entire house
532,"Cute home near the river , Chinatown and IconSiam.",Entire house
484,Analog Private Loft and Private Bathroom,Entire loft
525,2Min To MTR independentTriple Room,Room in hotel
555,Mixed Dorm Bed#1/Wan Chai/close to MTR,Shared room in apartment
1032,ACCOGLIENTE B&B CON BAGNO PRIVATO (ZONA VATICANO),Private room in condominium
1060,Single room in the center of Rome,Private room in apartment
626,Perfect Loft great location,Entire loft
619,Frida 1,Private room in apartment
115,Ideal student apartment Saint Germain des PrÃÂ¨s,Private room in apartment
439,#301: Private Balcony Room on 3rd fl (with cats!),Private room in house
531,MAMA GARDEN,Entire guesthouse
936,Colosseum's Courtyard  Appartamento a Monti,Entire house
1106,Home for a while,Private room in apartment
748,Quarto em Copacabana perto da praia. One bedroom,Private room in apartment
1124,Gemini Guest House 1,Private room in apartment
911,Beautiful location 4 mins to Square,Entire loft
1110,Ensuite Termini with Wi-Fi and A/C,Private room in serviced apartment
434,Baan Nampetch Hostel(Doublebed W),Private room in hostel
888,Spacious Private Master Room near CBD/Airport,Private room in apartment
580,Independent stay near Independence Angel - Reforma,Entire guest suite
1036,private access studio apartment,Private room in apartment
689,Affordable basement in the heart of the Beaches,Private room in house
502,Air Raid Shelter 3,Private room in house
731,Columbine Place,Entire guesthouse
42,"Chambre Gare de Lyon,privee, chez l'habitant",Private room in apartment
22,Bedroom near Buttes Chaumont park,Private room in apartment
1031,Artisti House - Magnolia,Private room in apartment
581,Casita en Coyoacan,Entire house
604,Ã¢â¬ÅGalerÃÂ­a del EscultorÃ¢â¬Â Ã¢â¬ÅSculptorÃ¢â¬â¢s GalleryÃ¢â¬Â.,Entire townhouse
1030,Rooms for You S.Lorenzo best room,Private room in bed and breakfast
1082,NEW&MODERN ROOM IN TRASTEVERE ROME CENTER,Private room in apartment
1041,camera vicino metro A(N.QUADRATO),Private room in apartment
1095,Lucky Holiday Double.,Private room in apartment
963,Cozy tidy Room near Termini(Room No.1),Private room in apartment
985,San Giovanni  pvt bathroom&balcony/also LONG TERM,Private room in apartment
277,Comfortable Room in East Williamsburg,Private room in apartment
1055,Bed&Breakfast da GiÃÂ² (Katy's room),Private room in bed and breakfast
615,Awesome Regina Street Downtown- Calavera Room :-),Private room in apartment
243,Room in the heart of Saint Germain des Pres,Room in boutique hotel
867,"Deluxe one bed room apartment, city and park view",Entire condominium
926,SMArt Room,Private room in condominium
764,Spacious Relaxing Retreat,Private room in house
1040,In Termini bedroom with private bathroom,Private room in house
307,Cozy room within a 2-bedroom flat Paris XVI,Private room in apartment
535,*NEW STUDIO* /FREE WIFI/BTS/SILOM/CLEAN/SPACIOUS/,Private room in apartment
1066,Lovely room in the heart of Rome,Private room in apartment
46,Belle chambre ÃÂ  Place d'Italie !,Private room in apartment
353,Individual Cubicle Room in NYC/not shared/just you,Shared room in hostel
258,Individual Cubicle Room in NYC/not shared/just you,Shared room in hostel
354,Charming West Village Apartment,Shared room in apartment
402,The Sweet Pea Cottage,Entire house
256,"Cozy Private Room, Walking Distance From LGA, Rm 5",Private room in house
219,Chambre triple HÃÂ´tel Richmond ÃÂ  la Gare du Nord,Room in hotel
118,Paris appartement,Shared room in apartment
317,Lit dans Dortoir Mixte de 8 Lits Ã¢â¬ÅThe Big OneÃ¢â¬Â,Shared room in hostel
953,Double room private bath & bike,Private room in house
955,"Single Suite, BnB Enrico Fermi Room 4",Private room in bed and breakfast
489,Trendy location across Camino Real Hotel Polanco.,Entire loft
542,ASSEMBLY HOSTEL (Triple Room NO.3),Private room in townhouse
1024,San Peter Lovely Studio Flat,Entire condominium
222,Ã¥Â·Â´Ã©Â»Å½Ã¤Â½Â³Ã§Â¾Å½Ã¦ââ¦Ã©Â¦â 2,Shared room in apartment
1136,Affittacamere Bad and Breakfast Termini Roma cam 3,Private room in house
1067,Camera Tripla-Quad room-Superior-Ensuite with Shower,Private room in bed and breakfast
714,Ocean Treehouse Avalon,Entire guesthouse
929,Loft in ex-stables of ancient palace,Entire loft
654,"Observatory, Cape Town",Private room in townhouse
474,1 Bed in 8-Bed Mixed Dorm near Don Muang Airport,Room in hostel
598,cuarto  privado e independiente  en casa,Private room in guesthouse
456,Coyoacan  room with private terrace 2,Private room in house
704,Brennan Suite: A Pyrmont Gem @ Terminus,Room in boutique hotel
173,Beautiful cosy room at la Bastille,Room in hotel
487,Quiet  Security Gated Leafy Bangkok village,Private room in townhouse
640,The Studio's 311 (Unique Designer Comfort),Entire loft
809,Quarto privado e bem localizado na Tijuca,Private room in condominium
1137,Maison De Alexandre Guest House,Room in boutique hotel
1,Joli appartement typiquement paris,Entire condominium
185,MONTMARTRE-Double room shared bathroom,Room in boutique hotel
461,"AMAZING LOFT,  near WTC  with roof top!",Entire loft
499,"STYLISH LOFT,  near WTC  with roof top!",Entire loft
501,Private Double Room  with shower BTS @ Sukhumvit50,Room in boutique hotel
1133,Buona Vacanza,Private room in house
472,Guest Suite in Redesigned Historic Home,Private room in house
393,Peaches Paradise.,Private room in house
238,Mint House At 70 Pine: Studio Suite,Room in aparthotel
420,"Sunny room in UWS, Columbia,Central Park",Private room in house
483,Cebu Hotel Deluxe Double Room Ensuite Bathroom #13,Private room in guesthouse
781,** Fantastic Room with a sea view,Room in boutique hotel
716,Relax in Longueville B&B,Private room in house
917,Le Stanze di Elle - Esquilino - Double/Twin,Room in boutique hotel
506,Habitacion privada en Residencial nuevo Polanco,Private room in condominium
592,"Condesa, habitacion sanitizada excelente $/calidad",Private room in house
844,Beachside cabin northern beaches,Entire cabin
724,1 Victoria - Suite 1 - Buxton House,Entire townhouse
425,Gorgeous Modern Private Room! *Not a Shared Space*,Private room in guest suite
576,Lit room with balcony new Polanco,Shared room in apartment
67,5th Heaven: Quartier Latin Studio,Entire guesthouse
386,****THE SUITE LIFE DUPLEX****,Entire house
276,Beautiful bright  room Near JFK & J Train#2,Private room in guest suite
569,"1 min MTR, budget single room",Private room in serviced apartment
560,"Quadruple Room@Tsim Sha Tsui,Austin,Jordan",Room in boutique hotel
331,Sweet Historic Greenpoint Duplex,Entire house
470,"1 min MTR, budget room 1",Private room in serviced apartment
223,Suite Lounge,Entire townhouse
368,Cozy Artist Bedroom Ã¢â¬â Only a 3 Min Walk to Subway!,Private room in house
265,Spacious room near subway,Private room in house
744,Grand Surry HillsTerrace Room 1,Room in hotel
906,cozy flat in the old city Sultanahmet,Entire house
930,Private (URL HIDDEN) time price!,Private room in bed and breakfast
298,twin bed in sharing room near Grand Central,Shared room in apartment
642,Harry Potter's,Private room in house
99,Houseboat under the Eiffel Tower,Entire guest suite
469,"BANGKOKÃ¢â¬Â¢NewCondoÃ¢â¬Â¢1BR,Pool,GymÃ¢â¬Â¢BTS(S9) #F31",Entire condominium
678,Cute cottage in Balmain - fantastic location.,Entire guest suite
798,BEAUTIFUL STUDIO IN COPACABANA,Entire loft
719,Rose Cottage in Constantia Thatch Lodge,Entire guesthouse
760,"Sydney Northern Beaches, Beacon Hill",Entire house
85,Beautiful Sunny Quiet St Germain,Private room in bed and breakfast
628,Loft San ÃÂngel,Entire loft
209,Classic Parisian flat with a view,Private room in condominium
707,Private tropical  Bungalow - Manly area,Entire bungalow
816,CopacabanaPenthouse#3Beds-Cobertura(FULL FLOOR),Private room in serviced apartment
836,"Studio Yindi @ Mosman, Sydney",Entire house
54,LOFT PARIS 16th/ 40M2 EIFFEL TOWER W/SECURITY 24/7,Entire loft
383,"Private Room, 2 beds, bath, Union Square location",Private room
451,Self contained room close to vibey Bree & Kloof St,Private room in townhouse
823,Apartamento de temporada Recreio (proximo a praia),Entire condominium
348,Small Cozy Room Wifi & AC near JFK,Private room in house
872,The Mews on Prince Alfred Park Near Central Station,Entire guesthouse
644,Constantia Outlook,Entire cottage
326,Stylish Large SPARKLING Gramercy Loft!,Entire loft
376,Original Cabin 1,Private room in hostel
890,Heritage 3 - park view room,Private room in house
340,The heart of the metropolis,Entire place
248,Spacious/Beautiful Private Room,Private room in condominium
179,Cozy studio Heart of Paris BASTILLE ROQUETTE,Entire loft
253,Large private bedroom&bath 2 min. away from subway,Private room in house
772,"Large Private Room Hurstville Airport,CBD (aircon)",Private room in house
851,Short walk to Sydney Central,Entire condominium
342,Private Room in Converted Loft,Private room in loft
866,"Private double room, leafy garden",Private room in guest suite
1014,"""Sant'Angelo""B&B Ninni Rome Center",Private room in bed and breakfast
1018,wonderful house near S.Peter,Tiny house
177,Grand appartement / loft design,Entire loft
446,"Excellent location, best facilities ,worth to pay",Private room in condominium
328,"Private, Large & Sunny Top Floor Apt  w/W&D",Entire townhouse
547,Q House Condo Sathon (50m from BTS Krung Thonburi),Entire condominium
952,Central Extra-large Double Room,Private room in condominium
795,Small room with privacy,Private room in apartment
79,Bed and breakfast at Elisa's home,Private room in apartment
614,Excelente habitacion en departamento San Jeronimo,Private room in apartment
831,CozyÃ¢â¬â¢n Stylish Room - Friendly Environment QUARTO,Private room in apartment
563,B2-Standard DoubleBed Room with public balcony,Private room in apartment
428,Montefiore Profess. 5 min walk/long term discount,Private room in apartment
255,New York City cozy creative,Private room in apartment
732,casa da Cristina a uma quadra da praia,Private room in apartment
846,RARE Spacious Living Room near CBD,Private room in apartment
1118,"Central wide room, private bathroom inside.",Private room in apartment
97,Un jardin ÃÂ  la Butte aux Cailles,Private room in apartment
1012,B&B128Roma - PARIS ROOM,Private room in apartment
982,B&B room with private bath in Roma al Pigneto,Private room in apartment
366,Super clean room in renovated historic brownstone,Private room in apartment
914,Midillis 201 (Double Room),Private room in apartment
6,Paris. BNF. BERCY,Private room in apartment
793,Two single beds Ocean Flamengo Beach,Private room in apartment
334,Peaceful Room...,Private room in apartment
411,Private Bed-stuy Room with Fire Escape Window,Private room in apartment
245,New York City Bedroom-Best Area For Tourism - 61F2,Private room in apartment
89,Bedroom in a flat,Private room in apartment
910,"Cosy Designer Room in Moda, Kadikoy",Private room in apartment
335,Cozy Room in Lively East Village,Private room in apartment
259,luz lunar bibis,Private room in apartment
794,Quarto familiar em Copacabana,Private room in apartment
833,Ape da Bossa: Um simples conforto!,Private room in apartment
934,Vatican Rooms accommodation - Brown Room,Private room in apartment
14,Private Room with Breakfast - Paris,Private room in apartment
443,Cosy private room / Top location!,Private room in apartment
778,Balcony Room - Historic Rocks House,Private room in apartment
633,Linda habitacion en Apartamento en la Roma Norte,Private room in apartment
702,Sunlit & Maple Tree Surrounded Apartment,Private room in apartment
1119,ava  guesthouse 2 (double room share bathroom),Private room in apartment
935,Suite matrimoniale in villa con piscina,Private room in apartment
602,Ãâtima localizacao,Private room in apartment
427,Comfy Purple Room/Pet Friendly,Private room in apartment
408,Calm NYC Place 3mins to Subway 12mins to Manhattan,Private room in apartment
1042,Nice and Comfortable Big Room Rome Center NÃÂ°1 !!!,Private room in apartment
327,D Private Che@p Room 2 Explore NYC,Private room in apartment
365,Large Private Room in Spacious Apt,Private room in apartment
1109,Luxury Cecy 1ÃÂ° - blu,Private room in apartment
574,Comfort room on Lamma-Ã¥ÂâÃ¤Â¸Â«Ã¥Â²âº Ã¨ËâÃ©â¬âÃ¥Â®Â¢Ã¦ËÂ¿,Private room in apartment
1001,Room in shared duplex in Istanbul center (seaview),Private room in apartment
1108,Parco di Nerone B&B - Small Double Room,Private room in apartment
410,Spacious light room in a cool neighborhood,Private room in apartment
828,Lar dos Cineastas :) Leme - Copa !!!,Private room in apartment
336,*Lovely Bedroom! Big Sunny Apt*Manhattan*,Private room in apartment
330,Holiday special near Columbia Univ!,Private room in apartment
355,Cozy Private Bedroom,Private room in apartment
241,Lovely & bright Brooklyn room close to train,Private room in apartment
109,Nice and sunny appartment in a calm street,Private room in apartment
8,Chambre privee / appartement calme,Private room in apartment
839,Quiet Location Near Universities!,Private room in apartment
1125,Lovely Little Room in flat with big terrace,Private room in apartment
1061,My home your home(private bathroom),Private room in apartment
701,Quarto Solteiro privado em Botafogo,Private room in apartment
1052,Camera singola in Alloggio Turistico da Ross,Private room in apartment
86,Lovely bedroom Heart of Paris St-Germain-des-Pres,Private room in apartment
293,Bright Renewed Apartment 1 minute from A express train,Private room in apartment
1121,"Double room ""I Cantoni di Roma"" Guest House",Private room in apartment
389,Beautiful Private Sunny Room with Backyard,Private room in apartment
237,Exquisite Apartment in Hip Hamilton Heights,Private room in apartment
131,QUIET STUDIO OPERA GARNIER,Private room in apartment
347,"""In the Middle of it All!""",Private room in apartment
1072,Ensuite DOUBLE BEDROOM! Airport Direct shuttle,Private room in apartment
1128,Ã¢ÅÂ§ La stanza che stai cercando! Ã¢ÅÂ§,Private room in apartment
1013,s.lorenzo's night,Private room in apartment
1049,B&B IL MAESTRO ROMA CENTRO/TERMINI,Private room in apartment
401,Private Bedroom in East Williamsburg,Private room in apartment
854,Penthouse with Spectacular View,Private room in apartment
855,"single bed, walk to city",Private room in apartment
346,Luxury & Charm.  Steps from Christopher Park!,Private room in apartment
736,Oh this one's lovely...,Private room in apartment
849,5 min to International Airport,Private room in apartment
726,The Second Room,Private room in apartment
1057,Corso37. Your apartment in the heart of Rome,Entire house
414,"Private Room in Bklyn, 1 min to J",Private room in house
776,"ARTISTIC PENTHOUSE IPANEMA BEACH: 2BD, 2 LIVING R.",Entire condominium
690,"Bellevue Manor, SEA POINT, Cape Town",Private room in bed and breakfast
194,Private rooms in Saint-Germain-des-Pres Paris 6,Room in boutique hotel
1104,"Sleep Like an Italian Poet in Charming, Eclectic Retreat",Entire condominium
1112,Your Suite x4 persons near the Vatican Museums,Private room in serviced apartment
516,Luxury flat in Carso / Polanco,Entire condominium
458,"No.301, the Mustang Blu",Room in hotel
500,BaanKhon 3bed rooms Aircon Khoasan n Grand Palace,Entire house
325,Comfortable 4-bedroom apt in family house.,Entire condominium
382,Beaut historic townhouse w yard near Prospect Park,Entire townhouse
312,Charmant studio lumineux avec balcon,Entire guest suite
810,Colonial House - in the heart of Santa Teresa!,Entire house
775,Sydney Garden Studio - with Pool,Entire guest suite
754,Stunning Warehouse Conversion,Entire townhouse
902,Vetiver Cottage - Stylish Boutique Accommodation,Entire cottage
666,Ã¢â¬ÅClaremontÃ¢â¬Â Stylish Grand Victorian Home,Entire house
759,3br Resort Setting Townhouse for City & Olympic Park,Entire townhouse
790,Villas Majestic Blue Dream. Full Service 24/7,Entire villa
518,"Studio, Cozy with Life Styles, by Smile Contrast",Private room in apartment
292,Minimalist Brooklyn Artist's Loft (Fort Greene),Entire loft
693,2  Bedrooms  2 DBL Beds 1 Full Bathroom & Shower,Private room in cottage
332,"Massive Duplex, 2BR & 2BTH East Village 9+ Guests",Entire townhouse
687,very convenient to CBD - good for business visit,Private room in house
674,Bansktown Aussie Natural Home  Centre Of Bankstown,Entire house
349,Brooklyn Garden Two Bedrooom/Two Bathroom,Entire house
23,Souplex artistique prÃÂ¨s du parc,Entire loft
593,#104 LOCATION! 2 bedroom 2 bathroom apt with A/C,Entire condominium
409,WeLive Wall Street -- Studio Double,Room in serviced apartment
261,"WeLive Wall St - Four Bedroom/Two Bath, Water View",Room in serviced apartment
63,Family loft with a garden in Paris!,Entire loft
284,Brooklyn Oasis in Beautiful Bay Ridge,Entire house
725,Self contained 100 year old sand stone cottage,Entire house
722,Stylish and Modern Penthouse,Entire condominium
537,4 Ã Â¸â¢Ã Â¸Â²Ã Â¸âÃ Â¸Âµ Ã Â¸Â«Ã Â¸Â£Ã Â¸Â·Ã Â¸Â­ 300 Ã Â¹â¬Ã Â¸Â¡Ã Â¸â¢Ã Â¸Â£ Ã Â¸Â«Ã Â¹ËÃ Â¸Â²Ã Â¸â¡Ã Â¸ËÃ Â¸Â²Ã Â¸ÂÃ Â¸ÂªÃ Â¸âÃ Â¸Â²Ã Â¸â¢Ã Â¸ÂµÃ Â¸Â£Ã Â¸â MRT Ã Â¸Â«Ã Â¹â°Ã Â¸Â§Ã Â¸Â¢Ã Â¸âÃ Â¸Â§Ã Â¸Â²Ã Â¸â¡,Entire condominium
388,Beautiful studio apartment in Sunnyside,Entire loft
843,Spacious 3B-room House near Bondi.,Entire house
636,Cape Cottage-A Home Away From Home,Entire house
675,Modern holiday home,Entire house
646,Family home in quiet city side str,Entire villa
1141,Superattico Belvedere Pigneto,Entire condominium
885,Beautiful Entire home in South West Sydney,Entire house
817,"Konrads Ferienwohnung Ipanema, seit 2003",Entire condominium
999,"minimal LOFT/Factory Conversion, Galata Tower",Entire loft
513,Tropical Inspiration in hip neighborhood,Entire condominium
447,RENOVATED 3 STORY HOUSE in the HEART of COYOACAN!,Entire townhouse
170,"Cosy 25m2 flat, quiet and very well served",Entire apartment
272,Private 2 beds Studio w/sofa Near ESB,Entire apartment
721,"Hyde Park Studio, city centre.",Entire apartment
322,Petit Pink Studio @Parmentier & Oberkamp,Entire apartment
404,"""WELCOME TO BROOKLYN"" PARK SIDE VIEW STUDIO APT",Entire apartment
247,Big Apple Retreat,Entire apartment
589,BEST LOCATION! 2BR Designer Apt,Entire apartment
1027,Modern 2BR 2BA apt near Trevi Fountain,Entire apartment
1098,Piazza Navona 2 Bedrooms 2 Bathrooms,Entire apartment
509,Trendy Apartment in the Heart of Mexico City,Entire apartment
750,Apto completamente mobiliado,Entire apartment
789,Modern 2Bed flat w/Pool & Ocean Views in Bo-Kaap,Entire apartment
1071,Pantheon Nights,Entire apartment
350,2 Convertible Bdrms Great for 1-6,Entire apartment
1033,Roman Arabesque,Entire apartment
1006,Roma STUDIO BLU- CAMPO DE FIORI,Entire apartment
1087,Romantic apartment in Campo de' Fiori | Int. 4,Entire apartment
475,Bo Kaap Garden Flat 3,Entire apartment
126,Hidden Treasure in Heart of Paris,Entire apartment
519,YOUR home in ROMA neighborhood!,Entire apartment
978,iFlat | Campo de' Fiori Cozy Studio,Entire apartment
274,Cosy appart Paris parc des expositions Tour Eiffel,Entire apartment
700,Water Views Queen Bed Entire Apartment + Parking,Entire apartment
938,New Loft by the Ghetto,Entire apartment
609,Departamento en la mejor ubicacion de la Roma,Entire apartment
993,The Place Apartment,Entire apartment
485,"Apartment, bed and sofa, 25"" Down T",Entire apartment
939,WAY TO THE COLOSSEUM APARTMENT,Entire apartment
449,Casai Comfortable Studio near La Condesa,Entire apartment
268,Lovely Flat in the Heart of 18th arrondissement,Entire apartment
197,Weekend in Paris,Entire apartment
195,Big studio cosy center of Paris,Entire apartment
202,Fully equiped studio - Location +++,Entire apartment
51,Eiffel Towel charming apartment,Entire apartment
59,Fully renovated 1Br apartment - Well located,Entire apartment
314,Charmant studio au calme avec terrasse,Entire apartment
16,Cosy Duplex near N-Dame de Paris,Entire apartment
991,"Elegant apartment, central & cheap",Entire apartment
958,cosy attic view San Peter,Entire apartment
940,Wonderful duplex apartment on the center of Rome.,Entire apartment
1011,Incredibly stylish apartment near Vaticano,Entire apartment
267,Brooklyn Tranquil Artist Space,Entire apartment
30,Close to the Trocadero Eiffel Tower Ãâ°toile,Entire apartment
498,Ã¢Å¡Â¡BEST VIEW EVER + TOP Location + Free Gym & WiFi,Entire apartment
783,Your modern getaway Avalon Beach Apartment,Entire apartment
924,Atmosfera di altri tempi in appartamento elegante e luminoso a Roma,Entire apartment
1117,Lovely Sibari Apartment,Entire apartment
1010,Artevere !,Entire apartment
959,Colosseo Home Domiziano,Entire apartment
1075,NEW IN: Leonina Secret Suite,Entire apartment
84,Between Place des Vosges- Bastille,Entire apartment
5,Joli nid ÃÂ  Montmartre,Entire apartment
761,Family Apt w/Big Courtyard Ã¢Ëâ WiFi Ã¢Ëâ Great for Summer,Entire apartment
891,"Beachy Escape in Spacious 1-bed, Gorgeous Manly",Entire apartment
71,"Paris,lux family duplex 130mÃÂ² 5pax",Entire apartment
433,Central Bangkok closed by Sathorn,Entire apartment
1120,WHITE FLAT TERMINI Deluxe,Entire apartment
858,1 bedroom apartment in the heart of Manly Beach,Entire apartment
100,Bright 2bd pristine parc de princes,Entire apartment
25,CENTRAL PARIS IN STYLE,Entire apartment
0,Large flat with rooftop terrace,Entire apartment
457,CHINGON 4BRM 3.5 BTH  COOLEST FLAT IN CONDESA,Entire apartment
387,Queens Village Vacation Getaway,Entire apartment
1079,Big Luxury flat near Vatican,Entire apartment
520,3 BALCONIES - 3BR ÃÂ· 2BA ÃÂ· Amazing location,Entire apartment
971,Flatinrome Trastevere C with private terrace,Entire apartment
467,Glen Beach Villa 4: Cape Town Sea & Mountain Views,Entire apartment
895,Chic Harbourside Retreat Opposite Manly Cove,Entire apartment
803,ALEX RIO FLATS Posto 6 Balcony,Entire apartment
361,Furnished studioB UES (30 days MIN),Entire apartment
295,brooklyn rent apartment,Entire apartment
431,Studio726 In the heart of Midtown Manhattan,Entire apartment
562,23%off Studio near Subway LT3,Entire apartment
44,#CuttleStudio @ Paris Le Marais,Entire apartment
226,"NEW YEAR, NEW YORK GREENPOINT GETAWAY",Entire apartment
286,"Love Nest, Just for 2",Entire apartment
143,Cosy apartment Paris Notre-Dame,Entire apartment
311,Cute Flat with a view of the Canal de LÃ¢â¬â¢Ourcq,Entire apartment
144,3: Close to Montmartre -,Entire apartment
82,top center topview Beaubourg Marais,Entire apartment
699,102 Tresor- Kei Apple Road Sea Point!,Entire apartment
740,BONDI'S DOORSTEP: BONDI BEACH,Entire apartment
825,Flat com servicos em Ipanema,Entire apartment
784,Canterbury 2BR&2BA apartment 2 mins to station.,Entire apartment
842,Bondi rd. 2br luxury apartment,Entire apartment
973,Life in Rome Apartment - - Music is Life - -,Entire apartment
623,Private penthouse suite in w/ endless city views,Entire apartment
739,Bondi Beach Hideaway,Entire apartment
805,Apto 2 quartos!! Estadias longas sao bem vindas.,Entire apartment
60,MARAIS - 2ROOMS APT - 2/4 PEOPLE,Entire apartment
613,2 PRIVATE TERRACES - 2BR ÃÂ· 2BA ÃÂ· Heart of Condesa,Entire apartment
832,Carioquice Pratica Para a FamÃÂ­lia em Copacabana,Entire apartment
773,Beach Hotspot!,Entire apartment
380,Stunning 2BR Apartment in Sunnyside,Entire apartment
479,ALL READY! TODO LISTO!,Entire apartment
579,BALCONY & PRIVATE ROOFTOP Luminous 60Mb WIFI speed,Entire apartment
1062,Cuore di Roma Holidays,Entire apartment
960,Lux in St.Peter's.Terrace.Thoroughly disinfected,Entire apartment
684,Carioquice moderna em apartamento dos sonhos para a famÃÂ­lia toda em Copabacana,Entire apartment
941,Home Sweet Rome with AC,Entire apartment
206,Sweet Home Paris~Vesle,Entire apartment
125,tinyroom@paris,Entire apartment
582,(9)Full Apartment in Colonia Roma close to Condesa,Entire apartment
896,CLIFFSIDE: BONDI BEACH,Entire apartment
510,30days!  Sukhumvit NANA spacious 1BR 2PPL near BTS,Entire apartment
595,Loft  IDEAL para tu EstanciaTERRAZA. Gran vista.,Entire apartment
210,Paris montmartre 2 a 4 personnes appartement flat,Entire apartment
7,Ravissant Appartement lumineux ÃÂ  deux minutes de la Tour Eiffel,Entire apartment
908,Bioclean Charming apartment by Galata Tower4,Entire apartment
541,Studio 30 sqm Sukhumvit 39  (Room 2B),Entire apartment
74,NICE  2 ROOMS APPT PARIS CENTER,Entire apartment
712,Modern loft among 3 famous beaches,Entire apartment
297,Cute studio in Montmartre,Entire apartment
65,Brand new Modern flat Central Paris Boutique Hotel,Entire apartment
473,Suite Condesa Mexico Park,Entire apartment
962,B&P Holiday H. Rattazzi,Entire apartment
438,"The most beautiful river view Bangkok ,Wifi50mb BR",Entire apartment
285,Twice As Better Home Inn,Entire apartment
1103,Suite Inn Doria Pamphilj,Entire apartment
193,Ãâ¬ deux pas du Sacre-CÃâur - Gares Nord & Est,Entire apartment
62,Charming Comfortable Marais 1 Bedrm,Entire apartment
1022,Luxury  PRINCIPESSA di Trastevere,Entire apartment
824,Barra Beach Flat,Entire apartment
104,Modern apartment in old Bastille,Entire apartment
743,Sydney CBD Designer Theme Apt by Central Station,Entire apartment
661,Penthouse Floor Apartment in CBD - Amazing views,Entire apartment
877,"Sydney Central 1 bedroom apartment, gym pool 164h",Entire apartment
838,Potts Point Apt - Sunny with Views,Entire apartment
671,Peaceful modern in the heart of SYD,Entire apartment
850,Wilson's Newtown Studio,Entire apartment
515,Walkable. and trendy neighborhood @ Condesa  5Ã¢Â­Â pl,Entire apartment
881,Newtown close to everything what you need,Entire apartment
922,Vatican Stylish apartment,Entire apartment
915,Cozy 1Bedroom Flat Garden Floor With Turkish Bath,Entire apartment
145,BATIGNOLLES MONTMARTRE Neighborhood,Entire apartment
512,Contemporary Minimalist Studio with Balcony,Entire apartment
465,Stunning Studio with Garden and Parking in Sunny Sea Point,Entire apartment
880,Admire Harbour Views from a Hip Potts Point Sanctuary,Entire apartment
486,Lovely home Mong Kok MTR Railway 4 beds,Entire apartment
605,The Style and Comfort in the Heart of Mexico city.,Entire apartment
545,Bangkok Service Apartments Near BTS Thong Lo 300m.,Entire apartment
762,Historical apartments in Istanbul,Entire apartment
667,Discover Sydney on Foot,Entire apartment
913,Cozy Studio Flat with Jacuzzi Free Wifi-Dsinfected,Entire apartment
1051,Vatican Palace,Entire apartment
577,Simple y Practico a 2 cuadras de Polanco,Entire apartment
1035,Pantheon City centre 2 BDR apartment AC/WIFi/Heat,Entire apartment
727,BEAUTIFUL BONDI,Entire apartment
1053,LINE-UP apartment Rome Center WIFI,Entire apartment
979,Sweet Home Pantheon,Entire apartment
180,Like a boat - A STUDIO IN BASTILLE,Entire apartment
624,207 Minimalist loft. Few steps Zocalo and Downtown,Entire apartment
945,Apt in Rome near Tiburtina Station,Entire apartment
1094,Near Vatican amazing flat with terrace and parking,Entire apartment
949,Rome Vatican Trastevere with WiFi and Netflix,Entire apartment
1078,Vatican luxury apartment,Entire apartment
1083,Beco House #1,Entire apartment
961,Beco House #2,Entire apartment
983,"Elegant Apartment near Colisseum WiFi, A/C,Netflix",Entire apartment
1126,Dulcis Home Montemario,Entire apartment
270,A Beautiful Brownstone Apartment,Entire apartment
655,"Perfect location & view, sunny studio, 2 bikes",Entire apartment
698,Apart-hotel w/ Wonderful Ocean View - 2 bedrooms!!,Entire apartment
1021,Country Chic MPN SGiovanni-Colosseo,Entire apartment
998,PRIVATE TERRACE *** 3 ROOM *** TAKSIM,Entire apartment
186,Lovely flat in the center of Paris,Entire apartment
876,Spacious Art Deco 1 bdr ideal location Pet welcome,Entire apartment
429,Warm Studio Hideaway,Entire apartment
753,Loft Vista Mar Copacabana/Garagem/100%Climatizado,Entire apartment
807,Cozy apartment- Ipanema between the Sea and Lagoon,Entire apartment
415,Amazing East Village XL Studio Apartment.Scrubbed!,Entire apartment
61,TOP LUXURY MARAIS DESIGN STUDIO APT,Entire apartment
899,Studio Apartment,Entire apartment
758,Art Deco in Copacabana,Entire apartment
681,Alioth,Entire apartment
480,"Condesa Gorgeous contact-less flat, great location",Entire apartment
452,Modern APT with luxury amenities. 3 mins-POLANCO,Entire apartment
745,Sea Breeze Sunsets - Noordhoek,Entire apartment
616,Your Home in the heart of historic Roma Norte!! D1,Entire apartment
900,EXCELLENT!  NEW LUXURY CBD APT WITH STUNNING VIEW,Entire apartment
526,Spacious & Convenient Near Ari BTS,Entire apartment
806,Copacabana Studio Perfeito!,Entire apartment
323,"Charming pied-ÃÂ -terre, small and cozy.",Entire apartment
612,Find Calm in the City at a Polanco Pad in Shades of Gray,Entire apartment
992,Beautiful apartment Gianicolo and Trastevere,Entire apartment
950,The perfect place to experience Rome city centre,Entire apartment
948,Mario's Apartment in the Spanish Steps,Entire apartment
946,Cappellari-  Campo de' Fiori Apartment,Entire apartment
1146,NEW! Elegant apartment in the center,Entire apartment
1043,Appartamento di design a Trastevere con terrazzo privato e vista spettacolare,Entire apartment
1016,Appartamento tranquillo a Trastevere,Entire apartment
976,NEW Rovere Tiber House - very central and quiet,Entire apartment
1102,"Ampio, originale appartamento con balcone, vicino al Pantheon. Casa Giulia",Entire apartment
932,Appartamento in Palazzo del Rinascimento a Trastevere,Entire apartment
989,Colosseum Stylish Apt with Terrace,Entire apartment
951,Modern Apartment with View of Piazza Del Popolo,Entire apartment
957,"Cozy Apartment in Trastevere WiFi - A/C, Netlix TV",Entire apartment
1135,Gianicolo Penthouse THE VIEW - Daplace Apartments,Entire apartment
1008,Sweet terrace by Vatican Musuem New wifi 100Mbs!,Entire apartment
1077,Confortevole appartamento dai toni tenui e con vista sulla Fontana delle Anfore,Entire apartment
921,Loft with terrace near Campo de' Fiori,Entire apartment
108,Sunny appartment near Montmartre !,Entire apartment
278,Studio de caractÃÂ¨re,Entire apartment
875,Delightful Breezy Apartment By The Sea,Entire apartment
968,Porta Castello 10 - Vaticano,Entire apartment
811,SuÃÂ­te Luxo Baixo Gavea / Leblon,Entire apartment
302,Quiet Park Slope Apartment,Entire apartment
1007,Rome Apartment beautiful ..,Entire apartment
69,Large studio in Haut Marais,Entire apartment
677,Santa Ignes Copacabana Apartment,Entire apartment
1113,AL SUONO DEL MARE,Entire apartment
39,Appartement charmant sous les toits parisiens,Entire apartment
635,Apartment Cape Town,Entire apartment
548,"Apartment with great city view 5 Min.2 BTS, Mall.",Entire apartment
944,Appartamento Ponte Lungo - Sentirsi a casa a Roma,Entire apartment
878,Studio Oasis Apartment - Close to Airport,Entire apartment
337,NYC - Heart of Greenwich Village,Entire apartment
491,Bright and cozy studio flat in Sheung Wan,Entire apartment
184,Calme et super localisation,Entire apartment
1123,casa  d arte con terrazzo nel cuore di Roma,Entire apartment
1088,Casa vacanza Domus Vaticana,Entire apartment
1138,Anagnina Home,Entire apartment
1037,Cozy apartment near the Vatican,Entire apartment
1063,Roma Centrum airy apartment in Trastevere district,Entire apartment
1038,"3 bedroom, 3 bathroom apartment",Entire apartment
964,Wonderful Apartment in front of the park!,Entire apartment
943,Moderno Appartamento con Note Shabby Chic in Centro,Entire apartment
1019,Coronari Roma flat - piazza Navona,Entire apartment
980,Trastevere cosy studio flat,Entire apartment
865,Quiet oasis in the heart of Surry Hills.,Entire apartment
81,Paris Trocadero Passy Flat 70sqm,Entire apartment
663,"Upmarket, secure apartment in a great location",Entire apartment
345,Cozy 1BD in Vibrant East Village,Entire apartment
356,Sunny 1bed Oasis in South Harlem/Upper West Side,Entire apartment
378,Historic Gem Close to SI Ferry,Entire apartment
305,ShayÃ¢â¬â¢s Hut,Entire apartment
892,CBD Apartment for Rent  - Unbeatable Location!,Entire apartment
770,The Ultimate 2 Bedrm Nightlife Pad on Kloof Street,Entire apartment
369,LAKOU LAKAY- A HOME AWAY FROM HOME,Entire apartment
167,Charming 1 bedroom heart of Marais,Entire apartment
923,Casa vacanze Domus Annamaria,Entire apartment
281,Newly renovated luxury apartment,Entire apartment
294,Modern 2bd Gem Close to Central Park - 5 Min Walk,Entire apartment
830,Four Seasons - Confortavel e perto da praia,Entire apartment
1034,Delizioso bilocale al Pigneto,Entire apartment
187,Duplex 53 M2 dans immeuble historique annees 30,Entire apartment
385,"Perfect Private Garden Apartment, 2 blox to subway",Entire apartment
234,Brooklyn Brownstone Serenity,Entire apartment
639,City Centre Stylish Apartment,Entire apartment
343,"Chic, quiet 1BR with patio (steps from the subway)",Entire apartment
990,Angelo's apartment Termini Villa Borghese,Entire apartment
897,A Tropical Oasis,Entire apartment
423,Luxury Apartment in Lower East Side,Entire apartment
377,"Large, private 2BR in historic brownstone",Entire apartment
403,Spacious Manhattan 2 Bedroom  Sleeps 6,Entire apartment
370,Bright & Charming 2bdrm Minutes to Manhattan,Entire apartment
399,Clean and Comfortable,Entire apartment
918,VERDE ROMA VACANZE,Entire apartment
517,"Cozy Apartment, Mexico City, Roma Sur",Entire apartment
777,Stanmore Sydney Inner West,Entire apartment
190,Studio neuf au cÃâur de Paris,Entire apartment
882,Bright Bondi Beach Holiday Rental,Entire apartment
919,Magnificent penthouse with view of San Pietro,Entire apartment
392,Private  Studio with private entrance,Entire apartment
1009,SMALL STUDIO FLAT Btw Termini & Colosseum!,Entire apartment
308,NYC Studio for Rent in Townhouse,Entire apartment
359,Spacious 1Br in East Village,Entire apartment
819,Ape da Cacau - Cantinho Gostoso proximo da  Lapa,Entire apartment
808,Botafogo 3 min of subway and view of Christ Statue,Entire apartment
448,Departamento Parque,Entire apartment
682,Stunning Poolside Flatlet in Heart of City Bowl Cape Town,Entire apartment
826,LEME uma quadra da praia com 3 quartos,Entire apartment
691,Hospede-se com Estilo e Conforto em Ipanema,Entire apartment
606,Safe and Cozy Ciudad de Mexico Home,Entire apartment
1143,Appartamento coppie/gruppi a Lido Di Ostia,Entire apartment
703,Excellent location! Between beaches and subway,Entire apartment
130,Cosy Flat in the heart of Paris,Entire apartment
643,Special Waterside Harbour Bridge Studio,Entire apartment
669,Ã¢Ëâ¦Stylish & SereneÃ¢Ëâ¦ Prime location near the V&AÃ¢Ëâ¦,Entire apartment
1029,Casina Colosseo,Entire apartment
829,Excelente Apartamento Praia de Copacabana,Entire apartment
871,Manly Holiday 713,Entire apartment
1045,Apartment in central Rome.,Entire apartment
987,NEW!!! Dimora Trevi Boutique Luxury Flat,Entire apartment
972,Cozy apartment in central Rome,Entire apartment
1092,Ampio Appartamento Elegante e Luminoso a Prati,Entire apartment
289,NEW  Luxury 1 Bedroom on UES  Perfect Location!!!,Entire apartment
821,The BEST 3 bdr in a GREAT location of Copacabana.,Entire apartment
1074,Appartamento romano dallÃ¢â¬â¢arredamento classico e dallÃ¢â¬â¢atmosfera familiare,Entire apartment
652,Light Airy Apartment,Entire apartment
769,"Barra da Tijuca, apto 3 quartos, completo!",Entire apartment
679,Perto tanto da calma como da agitacao!,Entire apartment
1000,GREAT BOSPHORUS VIEW PRIVATE TERRACE/Classy FLats,Entire apartment
362,"Upper Eastside Manhattan, 1 Bdr apt,LOTS OF LIGHT!",Entire apartment
329,Brooklyn Cove 1 Br Apt w/ Garden In Bushwick!!,Entire apartment
680,Studio Flamengo,Entire apartment
870,inner west one bedder- perfect base to see sydney!,Entire apartment
573,Large & Bright Studio in Soho with private rooftop,Entire apartment
954,"220m from Vatican Museum, your home",Entire apartment
123,Cozy rue de Grenelle Studio,Entire apartment
9,2 piÃÂ¨ces lunimeux et calme au dernier etage,Entire apartment
283,Wonderful apartment close to Champs-Elysees,Entire apartment
706,"Charming Ipanema 2 bdr, gorgeous view!",Entire apartment
11,Bright and Lovely 2 Bedrooms Flat Paris,Entire apartment
70,Large quiet studio 30m2 near metro and shops,Entire apartment
21,Appartment at 20 minutes from Marais district,Entire apartment
47,#CosyStudio @ Paris betw. Opera & Montmartre,Entire apartment
33,"Rare : duplex, central Paris, style & space",Entire apartment
92,Big apartment by Arc of Triumph (2 bathrooms-3 wc),Entire apartment
58,"Large, Practical Studio Near the Eiffel Tower!",Entire apartment
163,Studio cosy au coeur de Montmartre,Entire apartment
188,perfect appartment cosy for a pleasant stay,Entire apartment
94,Le marais design lumineux calme,Entire apartment
129,BEST DEAL near Paris Center (long stay preferred),Entire apartment
138,Charmant Appartement ÃÂ  Montparnasse avec balcons,Entire apartment
120,Spacious & Quiet Bedroom w/ Garden,Entire apartment
40,Paris Montmartre - Unexpected flat,Entire apartment
83,Studette in the heart of Paris,Entire apartment
215,Ã¢ÅÂ¨Ã°Å¸ÅÂºCharming Studio in Paris Ã°Å¸ÅÂºÃ¢ÅÂ¨,Entire apartment
80,Garden apartment near Montmartre,Entire apartment
19,Duplex de charme - Paris centre,Entire apartment
102,"Central, Charme, Parking, 72m2, Plein Sud, 3 Pces.",Entire apartment
57,In front of  the Luxembourg- Garden.,Entire apartment
27,Studio de 26m2 au cÃâur du 11ÃÂ¨me arrondissement,Entire apartment
116,Appartement cosy & lumineux,Entire apartment
183,Marais Very charming flat (8 persons) AC,Entire apartment
78,"Heart of Le Marais, very secured building, .",Entire apartment
155,Lovely one bedroom flat at the heart of Montmartre,Entire apartment
112,Near la Butte-aux-Cailles,Entire apartment
56,perfect central location,Entire apartment
48,Appartement tout confort au PÃÂ¨re Lachaise,Entire apartment
132,Lovely bohemia flat/ elevator/ nearby Montmartre,Entire apartment
53,South Pigalle the top ! clear quiet and neat,Entire apartment
88,Bright & cosy appartment in 1929 Art Deco building,Entire apartment
146,Modern Apartment in Paris 15,Entire apartment
175,Very nice flat center of Paris 40mÃÂ²,Entire apartment
105,"Independant Flat near Montmartre, 93 m2",Entire apartment
172,"65 m2 with pool, parking, balconies and view",Entire apartment
191,UNIQUE 72M2 LOFT STYLE FLAT - PIGALLE/BATIGNOLLES,Entire apartment
168,"Cocon avec mezzanine, quartier Tour Eiffel",Entire apartment
68,Fully renovated flat - Paris 16,Entire apartment
212,Ãâ¡a c'est Paris! Spatieux 2p - St Maur/Parmentier,Entire apartment
20,COZY FLAT IN HEART OF BATIGNOLLES,Entire apartment
121,"Charmant deux piÃÂ¨ces, quartier PÃÂ¨re Lachaise",Entire apartment
24,Nice studio near Eiffel Tower,Entire apartment
64,Romantic studio in center of Paris,Entire apartment
137,35mÃÂ² de charme au centre de Paris,Entire apartment
216,Appartement authentique en plein Montmartre,Entire apartment
198,Relaxing apartment in the center of Le Marais,Entire apartment
201,Lionel' s  Home,Entire apartment
